Metric,Value
Accuracy,0.851
Precision,0.6372795969773299
Recall,0.6216216216216216
F1 Score,0.6293532338308457
ROC-AUC,0.8667126294244939
PR-AUC,0.7133173864585307
